{"cameraMode":{"drawMode":0,"name":"Shaded","section":"Shading Mode"},"sceneLighting":true,"audioPlay":false,"sceneViewState":{"m_AlwaysRefresh":false,"showFog":true,"showSkybox":true,"showFlares":true,"showImageEffects":true,"showParticleSystems":true,"showVisualEffectGraphs":true,"m_FxEnabled":true},"in2DMode":false,"pivot":{"x":-21.037370681762697,"y":-2.9009690284729006,"z":19.95974349975586},"rotation":{"x":0.0891234427690506,"y":-0.09933515638113022,"z":-0.008933283388614655,"w":-0.9910145401954651},"size":16.33112335205078,"orthographic":false}